{
  "snr_by_group": [
    {
      "tone_group": "light",
      "n": 645,
      "mean_snr": 2.607944359940168,
      "median_snr": 1.487717682753659,
      "std_snr": 5.343840610575151,
      "p25": 0.8582456908927837,
      "p75": 2.716601688542056
    },
    {
      "tone_group": "medium",
      "n": 663,
      "mean_snr": 1.7446663773676196,
      "median_snr": 1.108478554079666,
      "std_snr": 3.0886221577230906,
      "p25": 0.6519344684301611,
      "p75": 1.8275788648389197
    },
    {
      "tone_group": "dark",
      "n": 658,
      "mean_snr": 2.280077835355231,
      "median_snr": 1.3222374807914923,
      "std_snr": 3.4709297552266745,
      "p25": 0.689090722821196,
      "p75": 2.349574613746359
    }
  ],
  "snr_ratio_light_over_dark": 1.1437961983143685,
  "skintone_benchmark": 5.2,
  "kruskal_wallis_p": 3.175053282941655e-10,
  "n_images_analysed": 1966
}